sub,status
3000001,PASSED
3000002,PASSED
3000003,PASSED
3000004,PASSED
3000005,PASSED
3000006,PASSED
3000008,PASSED
3000010,PASSED
3000011,PASSED
3000012,PASSED
3000013,PASSED
3000014,PASSED
3000015,PASSED
3000019,PASSED
3000020,PASSED
3000021,PASSED
3000022,PASSED
3000023,PASSED
3000026,PASSED
3000028,PASSED
3000030,PASSED
3000031,PASSED
3000032,PASSED
3000033,PASSED
3000034,PASSED
3000039,PASSED
3000040,FAILED
3000041,PASSED
3000044,PASSED
3000045,PASSED
3000046,PASSED
3000047,PASSED
3000048,PASSED
3000049,PASSED
3000050,PASSED
3000053,PASSED
3000054,PASSED
3000055,PASSED
3000056,PASSED
3000058,PASSED
3000059,PASSED
3000060,PASSED
3000062,PASSED
3000064,PASSED
3000066,PASSED
3000067,PASSED
3000071,PASSED
3000073,PASSED
3000074,PASSED
3000077,PASSED
3000079,PASSED
3000080,PASSED
3000081,PASSED
3000082,PASSED
3000083,PASSED
3000084,PASSED
3000086,PASSED
3000087,PASSED
3000088,PASSED
3000093,PASSED
3000095,PASSED
3000097,PASSED
3000099,PASSED
3000100,PASSED
3000101,FAILED
3000102,PASSED
3000104,PASSED
3000105,PASSED
3000106,PASSED
3000109,PASSED
3000110,PASSED
3000112,PASSED
3000113,PASSED
3000114,PASSED
3000115,PASSED
3000116,PASSED
3000118,PASSED
3000119,PASSED
3000120,PASSED
3000121,PASSED
3000122,PASSED
3000123,PASSED
3000124,FAILED
3000126,PASSED
3000127,PASSED
3000128,PASSED
3000129,PASSED
3000130,PASSED
3000131,PASSED
3000132,PASSED
3000133,PASSED
3000134,PASSED
3000135,PASSED
3000136,PASSED
3000137,PASSED
3000139,PASSED
3000140,PASSED
3000141,PASSED
3000142,PASSED
3000143,PASSED
3000144,PASSED
3000145,PASSED
3000146,PASSED
3000147,PASSED
3000148,PASSED
3000149,PASSED
3000150,PASSED
3000152,PASSED
3000153,PASSED
3000154,PASSED
3000155,PASSED
3000156,PASSED
3000157,PASSED
3000158,PASSED
3000160,PASSED
3000161,PASSED
3000162,PASSED
3000163,PASSED
3000164,PASSED
3000165,PASSED
3000166,PASSED
3000167,PASSED
3000168,PASSED
3000169,PASSED
3000170,PASSED
3000171,PASSED
3000172,PASSED
3000173,PASSED
3000174,PASSED
3000175,PASSED
3000176,PASSED
3000177,PASSED
3000178,PASSED
3000179,PASSED
3000180,PASSED
3000181,PASSED
3000182,PASSED
3000183,PASSED
3000185,PASSED
3000186,PASSED
3000188,PASSED
3000189,PASSED
3000191,PASSED
3000192,PASSED
3000193,PASSED
3000194,PASSED
3000196,PASSED
3000197,PASSED
3000198,PASSED
3000199,PASSED
3000201,PASSED
3000204,PASSED
3000205,PASSED
3000208,PASSED
3000210,PASSED
3000211,PASSED
3000212,PASSED
3000213,PASSED
3000215,FAILED
3000216,PASSED
3000217,PASSED
3000218,PASSED
3000220,PASSED
3000221,PASSED
3000222,PASSED
3000225,PASSED
3000226,PASSED
3000227,PASSED
3000228,PASSED
3000229,PASSED
3000232,FAILED
3000234,PASSED
3000235,PASSED
3000236,FAILED
3000237,PASSED
3000239,PASSED
3000240,PASSED
3000241,PASSED
3000243,PASSED
3000244,PASSED
3000246,PASSED
3000247,PASSED
3000250,PASSED
3000252,PASSED
3000253,PASSED
3000254,PASSED
3000255,PASSED
